account_name,account_number,win_rate,R_w_bar,R_l_bar,expectancy_R,profit_factor,sigma_R,sharpe,max_drawdown,N_trades,N_wins,N_losses
non_decayed_account,52827321,0.4472361809045226,2.6600644789165253,1.2469466377866845,0.5004100927991733,1.7260032805471104,2.6817981561872393,0.18659498726429707,0.0364,199,89,110
decayed_account,52827323,0.45549738219895286,2.435450819435094,1.1969134833605097,0.45761894775581224,1.7021683772185983,2.357924310081385,0.1940770302928075,0.0322,191,87,104
